<?xml version="1.0" encoding="UTF-8"?>
<project-private xmlns="http://www.netbeans.org/ns/project-private/1">
    <editor-bookmarks xmlns="http://www.netbeans.org/ns/editor-bookmarks/2" lastBookmarkId="0"/>
    <open-files xmlns="http://www.netbeans.org/ns/projectui-open-files/2">
        <group>
            <file>file:/C:/Users/CLienT/OneDrive/Desktop/MotorPH/motor_ph/src/payroll/EmployeeDetails.java</file>
            <file>file:/C:/Users/CLienT/OneDrive/Desktop/MotorPH/motor_ph/src/payroll/AdminPortal.java</file>
            <file>file:/C:/Users/CLienT/OneDrive/Desktop/MotorPH/motor_ph/src/payroll/MyConnection.java</file>
            <file>file:/C:/Users/CLienT/OneDrive/Desktop/MotorPH/motor_ph/src/payroll/Employee.java</file>
            <file>file:/C:/Users/CLienT/OneDrive/Desktop/MotorPH/motor_ph/src/payroll/loginForm.java</file>
        </group>
    </open-files>
</project-private>
