<?xml version="1.0" encoding="UTF-8"?>
<project-private xmlns="http://www.netbeans.org/ns/project-private/1">
    <editor-bookmarks xmlns="http://www.netbeans.org/ns/editor-bookmarks/2" lastBookmarkId="1">
        <file>
            <url>src/payroll/AdminPortal.java</url>
            <bookmark id="1">
                <name/>
                <line>3029</line>
                <key/>
            </bookmark>
        </file>
    </editor-bookmarks>
    <open-files xmlns="http://www.netbeans.org/ns/projectui-open-files/2">
        <group>
            <file>file:/C:/Users/CLienT/OneDrive/Desktop/MotorPH/motor_ph/src/payroll/AdminPortal.java</file>
            <file>file:/C:/Users/CLienT/OneDrive/Desktop/MotorPH/motor_ph/src/payroll/payslip.java</file>
            <file>file:/C:/Users/CLienT/OneDrive/Desktop/MotorPH/motor_ph/src/payroll/PayrollDataAccess.java</file>
            <file>file:/C:/Users/CLienT/OneDrive/Desktop/MotorPH/motor_ph/src/payroll/PayrollCalculator.java</file>
            <file>file:/C:/Users/CLienT/OneDrive/Desktop/MotorPH/motor_ph/src/payroll/MyConnection.java</file>
        </group>
    </open-files>
</project-private>
